{
	"info": {
		"_postman_id": "947ca55b-e7a2-4628-adc7-40d156e6872b",
		"name": "pradip",
		"schema": "https://schema.getpostman.com/json/collection/v2.1.0/collection.json",
		"_exporter_id": "24875679",
		"_collection_link": "https://lunar-shuttle-195425.postman.co/workspace/Team-Workspace~3074bab1-0110-41cf-8d7c-727d465764df/collection/24875679-947ca55b-e7a2-4628-adc7-40d156e6872b?action=share&source=collection_link&creator=24875679"
	},
	"item": [
		{
			"name": "get tasks",
			"request": {
				"method": "GET",
				"header": [],
				"url": {
					"raw": "http://localhost:3000/api/tasks",
					"protocol": "http",
					"host": [
						"localhost"
					],
					"port": "3000",
					"path": [
						"api",
						"tasks"
					]
				}
			},
			"response": []
		},
		{
			"name": "get tasks by status",
			"request": {
				"method": "GET",
				"header": [],
				"url": {
					"raw": "http://localhost:3000/api/tasks/Completed",
					"protocol": "http",
					"host": [
						"localhost"
					],
					"port": "3000",
					"path": [
						"api",
						"tasks",
						"Completed"
					]
				}
			},
			"response": []
		},
		{
			"name": "update task",
			"request": {
				"method": "PUT",
				"header": [],
				"body": {
					"mode": "raw",
					"raw": "{\r\n    \"status\": \"Completed\"\r\n}",
					"options": {
						"raw": {
							"language": "json"
						}
					}
				},
				"url": {
					"raw": "http://localhost:3000/api/tasks/fdbbd2ae-4e87-4b89-94a6-d251e56f2f56",
					"protocol": "http",
					"host": [
						"localhost"
					],
					"port": "3000",
					"path": [
						"api",
						"tasks",
						"fdbbd2ae-4e87-4b89-94a6-d251e56f2f56"
					]
				}
			},
			"response": []
		},
		{
			"name": "delete task",
			"request": {
				"method": "DELETE",
				"header": [],
				"url": {
					"raw": "http://localhost:3000/api/tasks/fdbbd2ae-4e87-4b89-94a6-d251e56f2f56",
					"protocol": "http",
					"host": [
						"localhost"
					],
					"port": "3000",
					"path": [
						"api",
						"tasks",
						"fdbbd2ae-4e87-4b89-94a6-d251e56f2f56"
					]
				}
			},
			"response": []
		},
		{
			"name": "create task",
			"request": {
				"method": "POST",
				"header": [],
				"body": {
					"mode": "raw",
					"raw": "{\r\n    \"title\": \"Workout\",\r\n    \"description\": \"Go to the gym for 1 hour\"\r\n}",
					"options": {
						"raw": {
							"language": "json"
						}
					}
				},
				"url": {
					"raw": "http://localhost:3000/api/tasks",
					"protocol": "http",
					"host": [
						"localhost"
					],
					"port": "3000",
					"path": [
						"api",
						"tasks"
					]
				}
			},
			"response": []
		}
	]
}